Workbook

Sheet Datos
A1: Reproducciones semanales de 'Rosa Pastel' en Spotify México (kworb.net)
A3: t (semana) | B3: Fecha | C3: Reproducciones | D3: Millones | E3: Acumulado S(t) (M)
A4: 0 | B4: 2023-01-26 | C4: 1137349 | D4: =C4/1000000 | E4: =D4
A5: 1 | B5: 2023-02-02 | C5: 1445318 | D5: =C5/1000000 | E5: =E4+D5
A6: 2 | B6: 2023-02-09 | C6: 1417458 | D6: =C6/1000000 | E6: =E5+D6
A7: 3 | B7: 2023-02-16 | C7: 1667194 | D7: =C7/1000000 | E7: =E6+D7
A8: 4 | B8: 2023-02-23 | C8: 1778948 | D8: =C8/1000000 | E8: =E7+D8
A9: 5 | B9: 2023-03-02 | C9: 1889805 | D9: =C9/1000000 | E9: =E8+D9
A10: 6 | B10: 2023-03-09 | C10: 1954026 | D10: =C10/1000000 | E10: =E9+D10
A11: 7 | B11: 2023-03-16 | C11: 2169923 | D11: =C11/1000000 | E11: =E10+D11
A12: 8 | B12: 2023-03-23 | C12: 2635047 | D12: =C12/1000000 | E12: =E11+D12
A13: 9 | B13: 2023-03-30 | C13: 2788541 | D13: =C13/1000000 | E13: =E12+D13
A14: 10 | B14: 2023-04-06 | C14: 2564692 | D14: =C14/1000000 | E14: =E13+D14
A15: 11 | B15: 2023-04-13 | C15: 2148814 | D15: =C15/1000000 | E15: =E14+D15
A16: 12 | B16: 2023-04-20 | C16: 2221385 | D16: =C16/1000000 | E16: =E15+D16
... A50: 46 | B50: 2023-12-14 | C50: 2811829 | D50: =C50/1000000 | E50: =E49+D50
A52: Semana pico (máx. reproducciones): | D52: =MAX(D4:D50)
A53: Ancho de banda promedio (Mbps) = M × 1e6 × 160 kbps × 186 s / 1000 / 604800 s | D53: =D52*1000000*160*186/1000/604800
A54: Supuestos: duración 3:06 (186 s) y 160 kbps. Son órdenes de magnitud, no datos de Spotify.

Sheet Interpolacion
A1: Interpolación de Newton: diferencias divididas con los 4 datos que rodean 100 M
A3: t | B3: S(t) | C3: 1ra dif. | D3: 2da dif. | E3: 3ra dif.
A4: =Datos!A38 | B4: =Datos!E38 | C4: =(B5-B4)/(A5-A4) | D4: =(C5-C4)/(A6-A4) | E4: =(D5-D4)/(A7-A4)
A5: =Datos!A39 | B5: =Datos!E39 | C5: =(B6-B5)/(A6-A5) | D5: =(C6-C5)/(A7-A5)
A6: =Datos!A40 | B6: =Datos!E40 | C6: =(B7-B6)/(A7-A6)
A7: =Datos!A41 | B7: =Datos!E41
A9: P(t) = b0 + b1(t-x0) + b2(t-x0)(t-x1) + b3(t-x0)(t-x1)(t-x2)
A10: b0 | B10: =B4
A11: b1 | B11: =C4
A12: b2 | B12: =D4
A13: b3 | B13: =E4
A14: x0 | B14: =A4
A15: x1 | B15: =A5
A16: x2 | B16: =A6
A17: Meta (M) | B17: 100

Sheet Biseccion
A1: Bisección: f(t) = P(t) - 100 en [35, 36], |Ea| < 0,0001 %
A3: it | B3: a | C3: b | D3: xr | E3: f(a) | F3: f(xr) | G3: |Ea| %
A4: 1 | B4: 35 | C4: 36 | D4: =(B4+C4)/2 | E4: =(Interpolacion!$B$10+Interpolacion!$B$11*(B4-Interpolacion!$B$14)+Interpolacion!$B$12*(B4-Interpolacion!$B$14)*(B4-Interpolacion!$B$15)+Interpolacion!$B$13*(B4-Interpolacion!$B$14)*(B4-Interpolacion!$B$15)*(B4-Interpolacion!$B$16)-Interpolacion!$B$17) | F4: =(Interpolacion!$B$10+Interpolacion!$B$11*(D4-Interpolacion!$B$14)+Interpolacion!$B$12*(D4-Interpolacion!$B$14)*(D4-Interpolacion!$B$15)+Interpolacion!$B$13*(D4-Interpolacion!$B$14)*(D4-Interpolacion!$B$15)*(D4-Interpolacion!$B$16)-Interpolacion!$B$17) | G4: 100
A5: 2 | B5: =IF(E4*F4<0,B4,D4) | C5: =IF(E4*F4<0,D4,C4) | D5: =(B5+C5)/2 | E5: =(Interpolacion!$B$10+Interpolacion!$B$11*(B5-Interpolacion!$B$14)+Interpolacion!$B$12*(B5-Interpolacion!$B$14)*(B5-Interpolacion!$B$15)+Interpolacion!$B$13*(B5-Interpolacion!$B$14)*(B5-Interpolacion!$B$15)*(B5-Interpolacion!$B$16)-Interpolacion!$B$17) | F5: =(Interpolacion!$B$10+Interpolacion!$B$11*(D5-Interpolacion!$B$14)+Interpolacion!$B$12*(D5-Interpolacion!$B$14)*(D5-Interpolacion!$B$15)+Interpolacion!$B$13*(D5-Interpolacion!$B$14)*(D5-Interpolacion!$B$15)*(D5-Interpolacion!$B$16)-Interpolacion!$B$17) | G5: =ABS((D5-D4)/D5)*100
A6: 3 | B6: =IF(E5*F5<0,B5,D5) | C6: =IF(E5*F5<0,D5,C5) | D6: =(B6+C6)/2 | E6: =(Interpolacion!$B$10+Interpolacion!$B$11*(B6-Interpolacion!$B$14)+Interpolacion!$B$12*(B6-Interpolacion!$B$14)*(B6-Interpolacion!$B$15)+Interpolacion!$B$13*(B6-Interpolacion!$B$14)*(B6-Interpolacion!$B$15)*(B6-Interpolacion!$B$16)-Interpolacion!$B$17) | F6: =(Interpolacion!$B$10+Interpolacion!$B$11*(D6-Interpolacion!$B$14)+Interpolacion!$B$12*(D6-Interpolacion!$B$14)*(D6-Interpolacion!$B$15)+Interpolacion!$B$13*(D6-Interpolacion!$B$14)*(D6-Interpolacion!$B$15)*(D6-Interpolacion!$B$16)-Interpolacion!$B$17) | G6: =ABS((D6-D5)/D6)*100
A7: 4 | B7: =IF(E6*F6<0,B6,D6) | C7: =IF(E6*F6<0,D6,C6) | D7: =(B7+C7)/2 | E7: =(Interpolacion!$B$10+Interpolacion!$B$11*(B7-Interpolacion!$B$14)+Interpolacion!$B$12*(B7-Interpolacion!$B$14)*(B7-Interpolacion!$B$15)+Interpolacion!$B$13*(B7-Interpolacion!$B$14)*(B7-Interpolacion!$B$15)*(B7-Interpolacion!$B$16)-Interpolacion!$B$17) | F7: =(Interpolacion!$B$10+Interpolacion!$B$11*(D7-Interpolacion!$B$14)+Interpolacion!$B$12*(D7-Interpolacion!$B$14)*(D7-Interpolacion!$B$15)+Interpolacion!$B$13*(D7-Interpolacion!$B$14)*(D7-Interpolacion!$B$15)*(D7-Interpolacion!$B$16)-Interpolacion!$B$17) | G7: =ABS((D7-D6)/D7)*100
A8: 5 | B8: =IF(E7*F7<0,B7,D7) | C8: =IF(E7*F7<0,D7,C7) | D8: =(B8+C8)/2 | E8: =(Interpolacion!$B$10+Interpolacion!$B$11*(B8-Interpolacion!$B$14)+Interpolacion!$B$12*(B8-Interpolacion!$B$14)*(B8-Interpolacion!$B$15)+Interpolacion!$B$13*(B8-Interpolacion!$B$14)*(B8-Interpolacion!$B$15)*(B8-Interpolacion!$B$16)-Interpolacion!$B$17) | F8: =(Interpolacion!$B$10+Interpolacion!$B$11*(D8-Interpolacion!$B$14)+Interpolacion!$B$12*(D8-Interpolacion!$B$14)*(D8-Interpolacion!$B$15)+Interpolacion!$B$13*(D8-Interpolacion!$B$14)*(D8-Interpolacion!$B$15)*(D8-Interpolacion!$B$16)-Interpolacion!$B$17) | G8: =ABS((D8-D7)/D8)*100
A9: 6 | B9: =IF(E8*F8<0,B8,D8) | C9: =IF(E8*F8<0,D8,C8) | D9: =(B9+C9)/2 | E9: =(Interpolacion!$B$10+Interpolacion!$B$11*(B9-Interpolacion!$B$14)+Interpolacion!$B$12*(B9-Interpolacion!$B$14)*(B9-Interpolacion!$B$15)+Interpolacion!$B$13*(B9-Interpolacion!$B$14)*(B9-Interpolacion!$B$15)*(B9-Interpolacion!$B$16)-Interpolacion!$B$17) | F9: =(Interpolacion!$B$10+Interpolacion!$B$11*(D9-Interpolacion!$B$14)+Interpolacion!$B$12*(D9-Interpolacion!$B$14)*(D9-Interpolacion!$B$15)+Interpolacion!$B$13*(D9-Interpolacion!$B$14)*(D9-Interpolacion!$B$15)*(D9-Interpolacion!$B$16)-Interpolacion!$B$17) | G9: =ABS((D9-D8)/D9)*100
A10: 7 | B10: =IF(E9*F9<0,B9,D9) | C10: =IF(E9*F9<0,D9,C9) | D10: =(B10+C10)/2 | E10: =(Interpolacion!$B$10+Interpolacion!$B$11*(B10-Interpolacion!$B$14)+Interpolacion!$B$12*(B10-Interpolacion!$B$14)*(B10-Interpolacion!$B$15)+Interpolacion!$B$13*(B10-Interpolacion!$B$14)*(B10-Interpolacion!$B$15)*(B10-Interpolacion!$B$16)-Interpolacion!$B$17) | F10: =(Interpolacion!$B$10+Interpolacion!$B$11*(D10-Interpolacion!$B$14)+Interpolacion!$B$12*(D10-Interpolacion!$B$14)*(D10-Interpolacion!$B$15)+Interpolacion!$B$13*(D10-Interpolacion!$B$14)*(D10-Interpolacion!$B$15)*(D10-Interpolacion!$B$16)-Interpolacion!$B$17) | G10: =ABS((D10-D9)/D10)*100
A11: 8 | B11: =IF(E10*F10<0,B10,D10) | C11: =IF(E10*F10<0,D10,C10) | D11: =(B11+C11)/2 | E11: =(Interpolacion!$B$10+Interpolacion!$B$11*(B11-Interpolacion!$B$14)+Interpolacion!$B$12*(B11-Interpolacion!$B$14)*(B11-Interpolacion!$B$15)+Interpolacion!$B$13*(B11-Interpolacion!$B$14)*(B11-Interpolacion!$B$15)*(B11-Interpolacion!$B$16)-Interpolacion!$B$17) | F11: =(Interpolacion!$B$10+Interpolacion!$B$11*(D11-Interpolacion!$B$14)+Interpolacion!$B$12*(D11-Interpolacion!$B$14)*(D11-Interpolacion!$B$15)+Interpolacion!$B$13*(D11-Interpolacion!$B$14)*(D11-Interpolacion!$B$15)*(D11-Interpolacion!$B$16)-Interpolacion!$B$17) | G11: =ABS((D11-D10)/D11)*100
A12: 9 | B12: =IF(E11*F11<0,B11,D11) | C12: =IF(E11*F11<0,D11,C11) | D12: =(B12+C12)/2 | E12: =(Interpolacion!$B$10+Interpolacion!$B$11*(B12-Interpolacion!$B$14)+Interpolacion!$B$12*(B12-Interpolacion!$B$14)*(B12-Interpolacion!$B$15)+Interpolacion!$B$13*(B12-Interpolacion!$B$14)*(B12-Interpolacion!$B$15)*(B12-Interpolacion!$B$16)-Interpolacion!$B$17) | F12: =(Interpolacion!$B$10+Interpolacion!$B$11*(D12-Interpolacion!$B$14)+Interpolacion!$B$12*(D12-Interpolacion!$B$14)*(D12-Interpolacion!$B$15)+Interpolacion!$B$13*(D12-Interpolacion!$B$14)*(D12-Interpolacion!$B$15)*(D12-Interpolacion!$B$16)-Interpolacion!$B$17) | G12: =ABS((D12-D11)/D12)*100
A13: 10 | B13: =IF(E12*F12<0,B12,D12) | C13: =IF(E12*F12<0,D12,C12) | D13: =(B13+C13)/2 | E13: =(Interpolacion!$B$10+Interpolacion!$B$11*(B13-Interpolacion!$B$14)+Interpolacion!$B$12*(B13-Interpolacion!$B$14)*(B13-Interpolacion!$B$15)+Interpolacion!$B$13*(B13-Interpolacion!$B$14)*(B13-Interpolacion!$B$15)*(B13-Interpolacion!$B$16)-Interpolacion!$B$17) | F13: =(Interpolacion!$B$10+Interpolacion!$B$11*(D13-Interpolacion!$B$14)+Interpolacion!$B$12*(D13-Interpolacion!$B$14)*(D13-Interpolacion!$B$15)+Interpolacion!$B$13*(D13-Interpolacion!$B$14)*(D13-Interpolacion!$B$15)*(D13-Interpolacion!$B$16)-Interpolacion!$B$17) | G13: =ABS((D13-D12)/D13)*100
A14: 11 | B14: =IF(E13*F13<0,B13,D13) | C14: =IF(E13*F13<0,D13,C13) | D14: =(B14+C14)/2 | E14: =(Interpolacion!$B$10+Interpolacion!$B$11*(B14-Interpolacion!$B$14)+Interpolacion!$B$12*(B14-Interpolacion!$B$14)*(B14-Interpolacion!$B$15)+Interpolacion!$B$13*(B14-Interpolacion!$B$14)*(B14-Interpolacion!$B$15)*(B14-Interpolacion!$B$16)-Interpolacion!$B$17) | F14: =(Interpolacion!$B$10+Interpolacion!$B$11*(D14-Interpolacion!$B$14)+Interpolacion!$B$12*(D14-Interpolacion!$B$14)*(D14-Interpolacion!$B$15)+Interpolacion!$B$13*(D14-Interpolacion!$B$14)*(D14-Interpolacion!$B$15)*(D14-Interpolacion!$B$16)-Interpolacion!$B$17) | G14: =ABS((D14-D13)/D14)*100
A15: 12 | B15: =IF(E14*F14<0,B14,D14) | C15: =IF(E14*F14<0,D14,C14) | D15: =(B15+C15)/2 | E15: =(Interpolacion!$B$10+Interpolacion!$B$11*(B15-Interpolacion!$B$14)+Interpolacion!$B$12*(B15-Interpolacion!$B$14)*(B15-Interpolacion!$B$15)+Interpolacion!$B$13*(B15-Interpolacion!$B$14)*(B15-Interpolacion!$B$15)*(B15-Interpolacion!$B$16)-Interpolacion!$B$17) | F15: =(Interpolacion!$B$10+Interpolacion!$B$11*(D15-Interpolacion!$B$14)+Interpolacion!$B$12*(D15-Interpolacion!$B$14)*(D15-Interpolacion!$B$15)+Interpolacion!$B$13*(D15-Interpolacion!$B$14)*(D15-Interpolacion!$B$15)*(D15-Interpolacion!$B$16)-Interpolacion!$B$17) | G15: =ABS((D15-D14)/D15)*100
A16: 13 | B16: =IF(E15*F15<0,B15,D15) | C16: =IF(E15*F15<0,D15,C15) | D16: =(B16+C16)/2 | E16: =(Interpolacion!$B$10+Interpolacion!$B$11*(B16-Interpolacion!$B$14)+Interpolacion!$B$12*(B16-Interpolacion!$B$14)*(B16-Interpolacion!$B$15)+Interpolacion!$B$13*(B16-Interpolacion!$B$14)*(B16-Interpolacion!$B$15)*(B16-Interpolacion!$B$16)-Interpolacion!$B$17) | F16: =(Interpolacion!$B$10+Interpolacion!$B$11*(D16-Interpolacion!$B$14)+Interpolacion!$B$12*(D16-Interpolacion!$B$14)*(D16-Interpolacion!$B$15)+Interpolacion!$B$13*(D16-Interpolacion!$B$14)*(D16-Interpolacion!$B$15)*(D16-Interpolacion!$B$16)-Interpolacion!$B$17) | G16: =ABS((D16-D15)/D16)*100
... A18: 15 | B18: =IF(E17*F17<0,B17,D17) | C18: =IF(E17*F17<0,D17,C17) | D18: =(B18+C18)/2 | E18: =(Interpolacion!$B$10+Interpolacion!$B$11*(B18-Interpolacion!$B$14)+Interpolacion!$B$12*(B18-Interpolacion!$B$14)*(B18-Interpolacion!$B$15)+Interpolacion!$B$13*(B18-Interpolacion!$B$14)*(B18-Interpolacion!$B$15)*(B18-Interpolacion!$B$16)-Interpolacion!$B$17) | F18: =(Interpolacion!$B$10+Interpolacion!$B$11*(D18-Interpolacion!$B$14)+Interpolacion!$B$12*(D18-Interpolacion!$B$14)*(D18-Interpolacion!$B$15)+Interpolacion!$B$13*(D18-Interpolacion!$B$14)*(D18-Interpolacion!$B$15)*(D18-Interpolacion!$B$16)-Interpolacion!$B$17) | G18: =ABS((D18-D17)/D18)*100

Sheet Newton
A1: Newton-Raphson: t(i+1) = t(i) - f(t(i)) / f'(t(i)), t0 = 35
A3: it | B3: t(i) | C3: f(t(i)) | D3: f'(t(i)) | E3: t(i+1) | F3: |Ea| %
A4: 1 | B4: 35 | C4: =(Interpolacion!$B$10+Interpolacion!$B$11*(B4-Interpolacion!$B$14)+Interpolacion!$B$12*(B4-Interpolacion!$B$14)*(B4-Interpolacion!$B$15)+Interpolacion!$B$13*(B4-Interpolacion!$B$14)*(B4-Interpolacion!$B$15)*(B4-Interpolacion!$B$16)-Interpolacion!$B$17) | D4: =(Interpolacion!$B$11+Interpolacion!$B$12*(2*B4-Interpolacion!$B$14-Interpolacion!$B$15)+Interpolacion!$B$13*((B4-Interpolacion!$B$15)*(B4-Interpolacion!$B$16)+(B4-Interpolacion!$B$14)*(B4-Interpolacion!$B$16)+(B4-Interpolacion!$B$14)*(B4-Interpolacion!$B$15))) | E4: =B4-C4/D4 | F4: =ABS((E4-B4)/E4)*100
A5: 2 | B5: =E4 | C5: =(Interpolacion!$B$10+Interpolacion!$B$11*(B5-Interpolacion!$B$14)+Interpolacion!$B$12*(B5-Interpolacion!$B$14)*(B5-Interpolacion!$B$15)+Interpolacion!$B$13*(B5-Interpolacion!$B$14)*(B5-Interpolacion!$B$15)*(B5-Interpolacion!$B$16)-Interpolacion!$B$17) | D5: =(Interpolacion!$B$11+Interpolacion!$B$12*(2*B5-Interpolacion!$B$14-Interpolacion!$B$15)+Interpolacion!$B$13*((B5-Interpolacion!$B$15)*(B5-Interpolacion!$B$16)+(B5-Interpolacion!$B$14)*(B5-Interpolacion!$B$16)+(B5-Interpolacion!$B$14)*(B5-Interpolacion!$B$15))) | E5: =B5-C5/D5 | F5: =ABS((E5-B5)/E5)*100
A6: 3 | B6: =E5 | C6: =(Interpolacion!$B$10+Interpolacion!$B$11*(B6-Interpolacion!$B$14)+Interpolacion!$B$12*(B6-Interpolacion!$B$14)*(B6-Interpolacion!$B$15)+Interpolacion!$B$13*(B6-Interpolacion!$B$14)*(B6-Interpolacion!$B$15)*(B6-Interpolacion!$B$16)-Interpolacion!$B$17) | D6: =(Interpolacion!$B$11+Interpolacion!$B$12*(2*B6-Interpolacion!$B$14-Interpolacion!$B$15)+Interpolacion!$B$13*((B6-Interpolacion!$B$15)*(B6-Interpolacion!$B$16)+(B6-Interpolacion!$B$14)*(B6-Interpolacion!$B$16)+(B6-Interpolacion!$B$14)*(B6-Interpolacion!$B$15))) | E6: =B6-C6/D6 | F6: =ABS((E6-B6)/E6)*100
A8: Fecha del hito (26/01/2023 + t* × 7 días): | E8: =DATE(2023,1,26)+E6*7
